{"cameraMode":{"drawMode":0,"name":"Shaded","section":"Shading Mode"},"sceneLighting":false,"audioPlay":false,"sceneViewState":{"showFog":true,"showMaterialUpdate":false,"showSkybox":false,"showFlares":true,"showImageEffects":true,"showParticleSystems":true},"in2DMode":false,"pivot":{"x":1.7881393432617188e-7,"y":1.2173446416854859,"z":-0.0738823413848877},"rotation":{"x":0.35881683230400088,"y":0.4337468147277832,"z":-0.19369930028915406,"w":0.8034911751747131},"size":15.03771686553955,"orthographic":true}